{
    "input_real": [0.4587505016305471, 0.1864582729180997, 0.6286477238376347, 0.5726023819793676, 0.4334750169846716, 0.9941666010295637, 0.2713608453662276, 0.5787327014867264, 0.15846895778166425, 0.6612381257954674, 0.4088307930605828, 0.6370137317302254, 0.01122881538979359, 0.9407546705156842, 0.2737444554561511, 0.8051058020040466, 0.23863911869048504, 0.1292934361583694, 0.23650272429688757, 0.11872807085394199, 0.970652112978834, 0.6865550774247071, 0.3586181293774291, 0.47175665040471304, 0.9551162932146783, 0.34042106887374624, 0.6944401800185063, 0.8841194807788973, 0.9419419858929691, 0.522618309835519, 0.5936163870719825, 0.7327406125924852, 0.6831351470930939, 0.6863629224175725, 0.08602751096463213, 0.9150279786783155, 0.022794538950427823, 0.9761209448828515, 0.19502105050314467, 0.8440050622537175, 0.5813466492613202, 0.1805432265630038, 0.9981676524505957, 0.5091592491951346, 0.9083511830950652, 0.07681299285727128, 0.3161249261954844, 0.23797483702660638, 0.29879809721439055, 0.20904103488009507, 0.44811794788730275, 0.4594031792730858, 0.9469150894106022, 0.5313759647957781, 0.658861220738394, 0.06022228128016738, 0.06577872397268758, 0.43474853346058817, 0.04344772220146964, 0.6116142986159051, 0.0046943970399101476, 0.6389379981340009, 0.3960141495158571, 0.03262356480429862], 
    "output_real": [30.953909111043377, -3.5812440393337424, 1.4211863914384273, -0.44766460031571964, -1.6576616139000668, 1.639982677249718, 1.3797742522222936, -2.339318470099161, -3.263397807018974, 0.13553860184015326, 0.33643689406853244, -1.8768165767598046, 1.6315011590886095, 0.3729552235940353, -0.7671514682047477, -1.2010796590340074, 1.0725432096588596, -2.247179658175127, 0.08743577039182204, 1.1555408601058277, -0.8751060724047509, 0.3060771388287141, 0.3171663191939219, -0.7227239817509337, 1.6633585052521593, 1.6729888662578638, 4.4410631546791866, 0.14770487744346616, 0.5757154888088725, 4.330153710015388, -2.3803238512393134, -0.9350692972674177, -2.3786490159565297, -0.9350692972674182, -2.3803238512393134, 4.330153710015388, 0.5757154888088726, 0.14770487744346605, 4.4410631546791866, 1.6729888662578638, 1.6633585052521593, -0.7227239817509339, 0.31716631919392185, 0.30607713882871435, -0.8751060724047508, 1.1555408601058277, 0.08743577039182171, -2.2471796581751273, 1.0725432096588596, -1.2010796590340076, -0.7671514682047476, 0.37295522359403555, 1.6315011590886095, -1.876816576759805, 0.3364368940685324, 0.13553860184015298, -3.263397807018974, -2.339318470099161, 1.3797742522222933, 1.6399826772497184, -1.657661613900067, -0.4476646003157201, 1.4211863914384273, -3.581244039333743], 
    "output_imag": [0.0, -1.2587070987668914, -0.4916798242958862, -2.4018077010687287, -0.2134594089242458, -2.013377497892653, 0.6734775181932081, 0.8349102944970612, 0.6468226555338739, -0.586531468080338, -1.346116260359222, 0.19555196906345879, 1.5079101414887082, 1.2339404182087113, -1.498159735819451, -1.2903006508934936, 0.2753807024153154, -2.128069470279336, 1.1039481202252417, -0.3806707532018969, -0.6970082329911296, 0.7939221676481647, -0.5768766398469372, -0.11188417379595778, 1.6084648365197547, -0.9334466848951736, -1.6426661329465375, 3.343222029993295, -0.38789627577689184, 3.86177782675071, -3.2235905210582754, -2.182056478283033, 0.0, 2.182056478283033, 3.2235905210582754, -3.86177782675071, 0.38789627577689195, -3.3432220299932944, 1.642666132946537, 0.9334466848951739, -1.6084648365197547, 0.11188417379595755, 0.576876639846937, -0.7939221676481645, 0.6970082329911294, 0.38067075320189664, -1.1039481202252412, 2.128069470279336, -0.2753807024153154, 1.2903006508934936, 1.4981597358194514, -1.233940418208711, -1.5079101414887084, -0.19555196906345906, 1.3461162603592218, 0.586531468080338, -0.6468226555338739, -0.8349102944970616, -0.6734775181932083, 2.0133774978926526, 0.21345940892424592, 2.4018077010687287, 0.4916798242958864, 1.2587070987668911]
}